scenario,num_uavs,seed,episode,episode_coverage,episode_conflict_sim,episode_conflict_recomputed_120,conflict_events_120,pair_steps,episode_path,corrections,uav_steps,accepted,cva,fallback_nearest,raw_released,max_empty_streak,n_empty_streaks_ge2
plain,4,42,0,90.0,0.0,0.0,0,210,18185.46484375,0,140,140,0,0,0,0,0
plain,4,42,1,91.11111111111111,0.0,0.0,0,210,18212.4453125,0,140,140,0,0,0,0,0
plain,4,42,2,91.11111111111111,0.0,0.0,0,210,18338.9375,0,140,140,0,0,0,0,0
plain,4,42,3,100.0,0.0,0.0,0,156,13778.64453125,0,140,104,0,0,0,0,0
plain,4,42,4,100.0,0.0,0.0,0,162,14160.587890625,0,140,108,0,0,0,0,0
plain,4,42,5,96.66666666666667,0.0,0.0,0,210,18102.7109375,0,140,140,0,0,0,0,0
plain,4,42,6,95.55555555555556,0.0,0.0,0,210,18427.375,0,140,140,0,0,0,0,0
plain,4,42,7,100.0,0.0,0.0,0,198,17130.4609375,0,140,132,0,0,0,0,0
plain,4,42,8,97.77777777777777,0.0,0.0,0,210,18354.60546875,0,140,140,0,0,0,0,0
plain,4,42,9,100.0,0.0,0.0,0,210,18458.4921875,0,140,140,0,0,0,0,0
plain,4,42,10,98.33333333333333,0.0,0.0,0,210,17877.611328125,0,140,140,0,0,0,0,0
plain,4,42,11,100.0,0.0,0.0,0,198,17197.25,0,140,132,0,0,0,0,0
plain,4,43,0,94.28571428571428,0.0,0.0,0,210,18089.1484375,16,140,124,12,4,0,1,0
plain,4,43,1,100.0,0.0,0.0,0,198,17202.71484375,4,140,128,4,0,0,0,0
plain,4,43,2,100.0,0.0,0.0,0,210,18365.73046875,0,140,140,0,0,0,0,0
plain,4,43,3,100.0,0.0,0.0,0,210,17943.1640625,0,140,140,0,0,0,0,0
plain,4,43,4,97.77777777777777,0.0,0.0,0,210,17850.857421875,0,140,140,0,0,0,0,0
plain,4,43,5,100.0,0.0,0.0,0,96,8569.30859375,0,140,64,0,0,0,0,0
plain,4,43,6,98.33333333333333,0.0,0.0,0,210,18308.826171875,4,140,136,4,0,0,0,0
plain,4,43,7,100.0,0.0,0.0,0,180,15737.2001953125,0,140,120,0,0,0,0,0
plain,4,43,8,97.14285714285714,0.0,0.0,0,210,18342.16015625,0,140,140,0,0,0,0,0
plain,4,43,9,86.66666666666667,0.0,0.0,0,210,18142.5625,0,140,140,0,0,0,0,0
plain,4,43,10,76.66666666666667,0.0,0.0,0,210,18737.71484375,6,140,134,6,0,0,0,0
plain,4,43,11,93.33333333333333,0.0,0.0,0,210,18371.51171875,0,140,140,0,0,0,0,0
plain,4,44,0,100.0,0.0,0.0,0,180,15590.0068359375,0,140,120,0,0,0,0,0
plain,4,44,1,85.71428571428571,0.0,0.0,0,210,18548.279296875,0,140,140,0,0,0,0,0
plain,4,44,2,88.88888888888889,0.0,0.0,0,210,18478.91015625,0,140,140,0,0,0,0,0
plain,4,44,3,95.0,0.0,0.0,0,210,18072.927734375,0,140,140,0,0,0,0,0
plain,4,44,4,91.66666666666666,0.0,0.0,0,210,18377.85546875,0,140,140,0,0,0,0,0
plain,4,44,5,88.57142857142857,0.0,0.0,0,210,18389.28125,10,140,130,10,0,0,0,0
plain,4,44,6,100.0,0.004901960784313725,0.004901960784313725,1,204,17590.11328125,4,140,132,0,4,0,2,2
plain,4,44,7,100.0,0.0,0.0,0,174,15277.3740234375,0,140,116,0,0,0,0,0
plain,4,44,8,100.0,0.0,0.0,0,168,14568.9384765625,0,140,112,0,0,0,0,0
plain,4,44,9,100.0,0.0,0.0,0,192,16642.4375,0,140,128,0,0,0,0,0
plain,4,44,10,95.55555555555556,0.0,0.0,0,210,18231.5546875,0,140,140,0,0,0,0,0
plain,4,44,11,97.77777777777777,0.0,0.0,0,210,18128.765625,0,140,140,0,0,0,0,0
plain,4,45,0,100.0,0.0,0.0,0,210,18155.904296875,0,140,140,0,0,0,0,0
plain,4,45,1,97.14285714285714,0.0,0.0,0,210,17912.380859375,0,140,140,0,0,0,0,0
plain,4,45,2,96.66666666666667,0.0,0.0,0,210,18167.974609375,0,140,140,0,0,0,0,0
plain,4,45,3,95.0,0.0,0.0,0,210,18066.0546875,0,140,140,0,0,0,0,0
plain,4,45,4,100.0,0.0,0.0,0,132,11757.2001953125,0,140,88,0,0,0,0,0
plain,4,45,5,97.77777777777777,0.0,0.0,0,210,18052.6328125,0,140,140,0,0,0,0,0
plain,4,45,6,100.0,0.0,0.0,0,186,16237.958984375,0,140,124,0,0,0,0,0
plain,4,45,7,100.0,0.0,0.0,0,210,18040.796875,0,140,140,0,0,0,0,0
plain,4,45,8,100.0,0.0,0.0,0,210,18475.158203125,0,140,140,0,0,0,0,0
plain,4,45,9,91.42857142857143,0.0,0.0,0,210,18203.376953125,0,140,140,0,0,0,0,0
plain,4,45,10,96.66666666666667,0.0,0.0,0,210,18387.90625,0,140,140,0,0,0,0,0
plain,4,45,11,97.14285714285714,0.0,0.0,0,210,18330.5859375,0,140,140,0,0,0,0,0
plain,4,46,0,98.33333333333333,0.0,0.0,0,210,18232.640625,0,140,140,0,0,0,0,0
plain,4,46,1,100.0,0.0,0.0,0,186,16104.505859375,0,140,124,0,0,0,0,0
plain,4,46,2,68.57142857142857,0.0,0.0,0,210,18482.935546875,0,140,140,0,0,0,0,0
plain,4,46,3,100.0,0.0,0.0,0,186,16214.1513671875,0,140,124,0,0,0,0,0
plain,4,46,4,91.42857142857143,0.0,0.0,0,210,18303.625,0,140,140,0,0,0,0,0
plain,4,46,5,100.0,0.0,0.0,0,132,11646.06640625,0,140,88,0,0,0,0,0
plain,4,46,6,96.66666666666667,0.0,0.0,0,210,18339.681640625,0,140,140,0,0,0,0,0
plain,4,46,7,88.33333333333333,0.0,0.0,0,210,18232.138671875,0,140,140,0,0,0,0,0
plain,4,46,8,91.66666666666666,0.0,0.0,0,210,18290.70703125,0,140,140,0,0,0,0,0
plain,4,46,9,90.0,0.0,0.0,0,210,18270.849609375,2,140,138,0,2,0,1,0
plain,4,46,10,93.33333333333333,0.0,0.0,0,210,18517.673828125,0,140,140,0,0,0,0,0
plain,4,46,11,100.0,0.0,0.0,0,210,18232.1796875,14,140,126,14,0,0,0,0
plain,6,42,0,100.0,0.0,0.0,0,510,26083.345703125,2,210,202,0,2,0,1,0
plain,6,42,1,96.66666666666667,0.0,0.0,0,525,26925.96875,6,210,204,6,0,0,0,0
plain,6,42,2,100.0,0.0,0.0,0,525,27005.841796875,0,210,210,0,0,0,0,0
plain,6,42,3,100.0,0.0,0.0,0,480,24674.78125,2,210,190,2,0,0,0,0
plain,6,42,4,100.0,0.0,0.0,0,465,24313.759765625,0,210,186,0,0,0,0,0
plain,6,42,5,100.0,0.0,0.0,0,270,14299.3046875,0,210,108,0,0,0,0,0
plain,6,42,6,100.0,0.0,0.0,0,390,20342.45703125,0,210,156,0,0,0,0,0
plain,6,42,7,100.0,0.0,0.0,0,375,19391.9765625,0,210,150,0,0,0,0,0
plain,6,42,8,100.0,0.0,0.0,0,375,19362.61328125,6,210,144,5,1,0,1,0
plain,6,42,9,100.0,0.0,0.0,0,420,21679.53515625,10,210,158,10,0,0,0,0
plain,6,42,10,100.0,0.0,0.0,0,450,23425.130859375,0,210,180,0,0,0,0,0
plain,6,42,11,100.0,0.0,0.0,0,465,24149.296875,0,210,186,0,0,0,0,0
plain,6,43,0,100.0,0.0,0.0,0,510,26521.185546875,2,210,202,2,0,0,0,0
plain,6,43,1,100.0,0.0,0.0,0,345,18010.798828125,0,210,138,0,0,0,0,0
plain,6,43,2,100.0,0.0,0.0,0,330,17219.73828125,12,210,120,12,0,0,0,0
plain,6,43,3,100.0,0.0,0.0,0,450,23424.333984375,14,210,166,14,0,0,0,0
plain,6,43,4,100.0,0.0,0.0,0,330,17582.05078125,0,210,132,0,0,0,0,0
plain,6,43,5,100.0,0.0,0.0,0,360,15592.6806640625,0,210,120,0,0,24,24,1
plain,6,43,6,100.0,0.0,0.0,0,405,20892.642578125,0,210,162,0,0,0,0,0
plain,6,43,7,100.0,0.0,0.0,0,360,18923.29296875,0,210,144,0,0,0,0,0
plain,6,43,8,96.66666666666667,0.0,0.0,0,525,27274.294921875,0,210,210,0,0,0,0,0
plain,6,43,9,100.0,0.0,0.0,0,315,16736.599609375,0,210,126,0,0,0,0,0
plain,6,43,10,100.0,0.0,0.0,0,360,18691.279296875,4,210,140,4,0,0,0,0
plain,6,43,11,100.0,0.0,0.0,0,465,23972.43359375,0,210,186,0,0,0,0,0
plain,6,44,0,100.0,0.0,0.0,0,300,15922.4501953125,0,210,120,0,0,0,0,0
plain,6,44,1,100.0,0.0,0.0,0,360,18732.4375,0,210,144,0,0,0,0,0
plain,6,44,2,100.0,0.0,0.0,0,345,18343.474609375,0,210,138,0,0,0,0,0
plain,6,44,3,98.33333333333333,0.0,0.0,0,525,26638.0625,0,210,210,0,0,0,0,0
plain,6,44,4,97.14285714285714,0.0,0.0,0,525,27030.4921875,8,210,202,8,0,0,0,0
plain,6,44,5,95.55555555555556,0.0,0.0,0,525,26808.76171875,2,210,208,2,0,0,0,0
plain,6,44,6,100.0,0.0,0.0,0,315,16435.224609375,0,210,126,0,0,0,0,0
plain,6,44,7,100.0,0.0,0.0,0,390,20193.783203125,0,210,156,0,0,0,0,0
plain,6,44,8,100.0,0.0,0.0,0,315,16563.423828125,0,210,126,0,0,0,0,0
plain,6,44,9,100.0,0.0,0.0,0,375,19698.1015625,8,210,142,8,0,0,0,0
plain,6,44,10,100.0,0.0,0.0,0,450,23475.5234375,0,210,180,0,0,0,0,0
plain,6,44,11,100.0,0.0,0.0,0,330,17174.880859375,0,210,132,0,0,0,0,0
plain,6,45,0,97.14285714285714,0.0,0.0,0,525,26665.06640625,10,210,200,9,1,0,1,0
plain,6,45,1,100.0,0.0,0.0,0,330,17249.48046875,0,210,132,0,0,0,0,0
plain,6,45,2,96.66666666666667,0.0,0.0,0,525,26783.70703125,10,210,200,8,2,0,1,0
plain,6,45,3,100.0,0.0,0.0,0,480,24723.546875,2,210,190,2,0,0,0,0
plain,6,45,4,100.0,0.0,0.0,0,360,18935.533203125,4,210,140,4,0,0,0,0
plain,6,45,5,96.66666666666667,0.0,0.0,0,525,27218.55078125,2,210,208,2,0,0,0,0
plain,6,45,6,100.0,0.0,0.0,0,300,15659.095703125,0,210,120,0,0,0,0,0
plain,6,45,7,100.0,0.0,0.0,0,405,20852.35546875,0,210,162,0,0,0,0,0
plain,6,45,8,100.0,0.0,0.0,0,330,17780.6875,0,210,132,0,0,0,0,0
plain,6,45,9,100.0,0.0,0.0,0,390,20383.76171875,0,210,156,0,0,0,0,0
plain,6,45,10,100.0,0.0,0.0,0,345,17926.083984375,0,210,138,0,0,0,0,0
plain,6,45,11,100.0,0.0,0.0,0,495,25543.146484375,0,210,198,0,0,0,0,0
plain,6,46,0,100.0,0.0,0.0,0,360,18848.8203125,0,210,144,0,0,0,0,0
plain,6,46,1,100.0,0.0,0.0,0,300,15703.6611328125,8,210,112,8,0,0,0,0
plain,6,46,2,100.0,0.0,0.0,0,330,17196.1171875,0,210,132,0,0,0,0,0
plain,6,46,3,100.0,0.0,0.0,0,315,16296.6201171875,8,210,118,6,2,0,1,0
plain,6,46,4,97.14285714285714,0.0,0.0,0,525,26777.3125,0,210,210,0,0,0,0,0
plain,6,46,5,100.0,0.0,0.0,0,360,18803.9296875,10,210,134,10,0,0,0,0
plain,6,46,6,100.0,0.0,0.0,0,300,16061.0654296875,0,210,120,0,0,0,0,0
plain,6,46,7,100.0,0.0,0.0,0,255,13354.9560546875,0,210,102,0,0,0,0,0
plain,6,46,8,100.0,0.0,0.0,0,375,19596.794921875,2,210,148,2,0,0,0,0
plain,6,46,9,100.0,0.0,0.0,0,480,24875.2265625,2,210,190,0,2,0,1,0
plain,6,46,10,98.33333333333333,0.0,0.0,0,525,27067.37890625,0,210,210,0,0,0,0,0
plain,6,46,11,100.0,0.0,0.0,0,255,13348.3564453125,0,210,102,0,0,0,0,0
plain,8,42,0,100.0,0.0,0.0,0,532,19869.01953125,0,280,152,0,0,0,0,0
plain,8,42,1,100.0,0.0,0.0,0,868,31918.234375,10,280,238,8,2,0,1,0
plain,8,42,2,100.0,0.0,0.0,0,616,22637.07421875,2,280,174,0,2,0,1,0
plain,8,42,3,100.0,0.0,0.0,0,672,24829.0546875,2,280,190,2,0,0,0,0
plain,8,42,4,100.0,0.0,0.0,0,504,19118.705078125,0,280,144,0,0,0,0,0
plain,8,42,5,100.0,0.0,0.0,0,448,16658.52734375,0,280,128,0,0,0,0,0
plain,8,42,6,100.0,0.0,0.0,0,336,12714.171875,0,280,96,0,0,0,0,0
plain,8,42,7,100.0,0.0,0.0,0,420,15859.921875,0,280,120,0,0,0,0,0
plain,8,42,8,100.0,0.0,0.0,0,448,16720.1015625,0,280,128,0,0,0,0,0
plain,8,42,9,100.0,0.0,0.0,0,672,25073.671875,0,280,192,0,0,0,0,0
plain,8,42,10,100.0,0.0,0.0,0,280,10706.41015625,2,280,78,2,0,0,0,0
plain,8,42,11,100.0,0.0,0.0,0,504,18982.4765625,4,280,140,4,0,0,0,0
plain,8,43,0,100.0,0.0,0.0,0,588,21651.80078125,0,280,168,0,0,0,0,0
plain,8,43,1,100.0,0.0,0.0,0,756,27856.3359375,6,280,210,6,0,0,0,0
plain,8,43,2,100.0,0.0,0.0,0,364,13797.40625,0,280,104,0,0,0,0,0
plain,8,43,3,100.0,0.0,0.0,0,560,20692.66796875,12,280,148,8,4,0,2,2
plain,8,43,4,100.0,0.0,0.0,0,392,14880.75,0,280,112,0,0,0,0,0
plain,8,43,5,100.0,0.0,0.0,0,476,17803.453125,0,280,136,0,0,0,0,0
plain,8,43,6,100.0,0.0,0.0,0,448,16875.201171875,0,280,128,0,0,0,0,0
plain,8,43,7,100.0,0.0,0.0,0,532,20163.181640625,0,280,152,0,0,0,0,0
plain,8,43,8,96.66666666666667,0.0,0.0,0,980,35942.6640625,6,280,274,6,0,0,0,0
plain,8,43,9,100.0,0.0,0.0,0,420,15966.716796875,1,280,118,0,1,1,1,0
plain,8,43,10,100.0,0.0,0.0,0,644,23696.23828125,6,280,178,6,0,0,0,0
plain,8,43,11,100.0,0.0,0.0,0,504,18800.228515625,0,280,144,0,0,0,0,0
plain,8,44,0,100.0,0.0,0.0,0,336,12817.763671875,0,280,96,0,0,0,0,0
plain,8,44,1,100.0,0.0,0.0,0,476,17928.7421875,0,280,136,0,0,0,0,0
plain,8,44,2,100.0,0.0,0.0,0,448,16892.67578125,2,280,126,2,0,0,0,0
plain,8,44,3,100.0,0.0,0.0,0,448,16865.203125,0,280,128,0,0,0,0,0
plain,8,44,4,100.0,0.0,0.0,0,336,12986.5048828125,0,280,96,0,0,0,0,0
plain,8,44,5,100.0,0.0,0.0,0,728,26456.091796875,11,280,197,10,1,0,1,0
plain,8,44,6,100.0,0.0,0.0,0,756,27865.78125,4,280,212,2,2,0,1,0
plain,8,44,7,100.0,0.0,0.0,0,644,23581.7578125,0,280,184,0,0,0,0,0
plain,8,44,8,100.0,0.0,0.0,0,840,31009.1171875,6,280,234,6,0,0,0,0
plain,8,44,9,100.0,0.0,0.0,0,532,19986.09765625,0,280,152,0,0,0,0,0
plain,8,44,10,100.0,0.0,0.0,0,336,12821.876953125,0,280,96,0,0,0,0,0
plain,8,44,11,100.0,0.0,0.0,0,364,13763.552734375,0,280,104,0,0,0,0,0
plain,8,45,0,100.0,0.0,0.0,0,448,16872.2890625,0,280,128,0,0,0,0,0
plain,8,45,1,100.0,0.0,0.0,0,532,19807.873046875,0,280,152,0,0,0,0,0
plain,8,45,2,100.0,0.0,0.0,0,532,19810.65234375,0,280,152,0,0,0,0,0
plain,8,45,3,100.0,0.0,0.0,0,476,17937.890625,0,280,136,0,0,0,0,0
plain,8,45,4,100.0,0.0,0.0,0,896,32932.9921875,0,280,256,0,0,0,0,0
plain,8,45,5,100.0,0.0,0.0,0,560,20828.60546875,0,280,160,0,0,0,0,0
plain,8,45,6,100.0,0.0,0.0,0,448,16782.962890625,0,280,128,0,0,0,0,0
plain,8,45,7,100.0,0.0,0.0,0,392,14737.20703125,0,280,112,0,0,0,0,0
plain,8,45,8,100.0,0.0,0.0,0,364,13891.671875,0,280,104,0,0,0,0,0
plain,8,45,9,100.0,0.0,0.0,0,392,14863.01171875,0,280,112,0,0,0,0,0
plain,8,45,10,100.0,0.0,0.0,0,448,16871.06640625,0,280,128,0,0,0,0,0
plain,8,45,11,100.0,0.0,0.0,0,728,26953.064453125,0,280,208,0,0,0,0,0
plain,8,46,0,100.0,0.0,0.0,0,364,13753.181640625,0,280,104,0,0,0,0,0
plain,8,46,1,100.0,0.0,0.0,0,644,23678.63671875,0,280,184,0,0,0,0,0
plain,8,46,2,100.0,0.0,0.0,0,728,27087.896484375,0,280,208,0,0,0,0,0
plain,8,46,3,100.0,0.0,0.0,0,280,10801.5869140625,0,280,80,0,0,0,0,0
plain,8,46,4,100.0,0.0,0.0,0,448,16746.853515625,0,280,128,0,0,0,0,0
plain,8,46,5,100.0,0.0,0.0,0,532,19960.55078125,0,280,152,0,0,0,0,0
plain,8,46,6,100.0,0.0,0.0,0,420,15791.89453125,0,280,120,0,0,0,0,0
plain,8,46,7,100.0,0.0,0.0,0,672,24987.9453125,0,280,192,0,0,0,0,0
plain,8,46,8,100.0,0.0,0.0,0,252,9631.5244140625,0,280,72,0,0,0,0,0
plain,8,46,9,100.0,0.0,0.0,0,504,18865.5390625,0,280,144,0,0,0,0,0
plain,8,46,10,100.0,0.0,0.0,0,364,13791.3203125,0,280,104,0,0,0,0,0
plain,8,46,11,100.0,0.0,0.0,0,728,27051.16796875,0,280,208,0,0,0,0,0
urban,4,42,0,95.55555555555556,0.0,0.0,0,210,18378.359375,4,140,136,4,0,0,0,0
urban,4,42,1,95.55555555555556,0.0,0.0,0,210,18422.462890625,0,140,140,0,0,0,0,0
urban,4,42,2,100.0,0.0,0.0,0,192,16662.794921875,0,140,128,0,0,0,0,0
urban,4,42,3,90.0,0.0,0.0,0,210,18274.365234375,0,140,140,0,0,0,0,0
urban,4,42,4,91.42857142857143,0.0,0.0,0,210,18489.82421875,0,140,140,0,0,0,0,0
urban,4,42,5,100.0,0.0,0.0,0,204,17774.080078125,0,140,136,0,0,0,0,0
urban,4,42,6,100.0,0.0,0.0,0,150,12982.1708984375,0,140,100,0,0,0,0,0
urban,4,42,7,93.33333333333333,0.0,0.0,0,210,18171.90234375,0,140,140,0,0,0,0,0
urban,4,42,8,95.55555555555556,0.0,0.0,0,210,17939.865234375,0,140,140,0,0,0,0,0
urban,4,42,9,100.0,0.0,0.0,0,204,17460.046875,0,140,136,0,0,0,0,0
urban,4,42,10,100.0,0.0,0.0,0,180,15575.7939453125,0,140,120,0,0,0,0,0
urban,4,42,11,97.77777777777777,0.0,0.0,0,210,18217.84375,0,140,140,0,0,0,0,0
urban,4,43,0,98.33333333333333,0.0,0.0,0,210,17997.4296875,0,140,140,0,0,0,0,0
urban,4,43,1,86.66666666666667,0.0,0.0,0,210,18463.19140625,0,140,140,0,0,0,0,0
urban,4,43,2,91.42857142857143,0.0,0.0,0,210,18352.203125,0,140,140,0,0,0,0,0
urban,4,43,3,88.33333333333333,0.0,0.0,0,210,18545.50390625,0,140,140,0,0,0,0,0
urban,4,43,4,97.14285714285714,0.0,0.0,0,210,17917.53515625,0,140,140,0,0,0,0,0
urban,4,43,5,98.33333333333333,0.0,0.0,0,210,17984.123046875,0,140,140,0,0,0,0,0
urban,4,43,6,96.66666666666667,0.0,0.0,0,210,18211.8828125,0,140,140,0,0,0,0,0
urban,4,43,7,100.0,0.0,0.0,0,192,16741.65625,0,140,128,0,0,0,0,0
urban,4,43,8,100.0,0.0,0.0,0,210,18019.97265625,0,140,140,0,0,0,0,0
urban,4,43,9,86.66666666666667,0.0,0.0,0,210,18337.033203125,0,140,140,0,0,0,0,0
urban,4,43,10,97.14285714285714,0.0,0.0,0,210,18034.986328125,0,140,140,0,0,0,0,0
urban,4,43,11,85.71428571428571,0.0,0.0,0,210,18389.798828125,6,140,134,6,0,0,0,0
urban,4,44,0,100.0,0.0,0.0,0,204,17667.548828125,0,140,136,0,0,0,0,0
urban,4,44,1,100.0,0.0,0.0,0,204,17561.486328125,1,140,135,1,0,0,0,0
urban,4,44,2,96.66666666666667,0.0,0.0,0,210,18440.921875,0,140,140,0,0,0,0,0
urban,4,44,3,97.14285714285714,0.0,0.0,0,210,18032.666015625,6,140,134,6,0,0,0,0
urban,4,44,4,98.33333333333333,0.0,0.0,0,210,18137.205078125,0,140,140,0,0,0,0,0
urban,4,44,5,97.77777777777777,0.0,0.0,0,210,18266.078125,0,140,140,0,0,0,0,0
urban,4,44,6,100.0,0.0,0.0,0,156,13693.3662109375,0,140,104,0,0,0,0,0
urban,4,44,7,100.0,0.0,0.0,0,198,17125.619140625,0,140,132,0,0,0,0,0
urban,4,44,8,100.0,0.0,0.0,0,150,13308.408203125,0,140,100,0,0,0,0,0
urban,4,44,9,100.0,0.0,0.0,0,162,14015.1630859375,0,140,108,0,0,0,0,0
urban,4,44,10,100.0,0.0,0.0,0,192,16647.681640625,0,140,128,0,0,0,0,0
urban,4,44,11,91.66666666666666,0.0,0.0,0,210,18105.693359375,0,140,140,0,0,0,0,0
urban,4,45,0,71.66666666666667,0.0,0.0,0,210,18795.7734375,0,140,140,0,0,0,0,0
urban,4,45,1,85.71428571428571,0.0,0.0,0,210,18500.86328125,0,140,140,0,0,0,0,0
urban,4,45,2,86.66666666666667,0.0,0.0,0,210,18611.4921875,2,140,138,2,0,0,0,0
urban,4,45,3,100.0,0.0,0.0,0,192,16772.109375,6,140,122,6,0,0,0,0
urban,4,45,4,100.0,0.0,0.0,0,168,14698.044921875,0,140,112,0,0,0,0,0
urban,4,45,5,100.0,0.0,0.0,0,156,13487.658203125,0,140,104,0,0,0,0,0
urban,4,45,6,100.0,0.0,0.0,0,168,14745.1640625,0,140,112,0,0,0,0,0
urban,4,45,7,100.0,0.0,0.0,0,192,16923.916015625,0,140,128,0,0,0,0,0
urban,4,45,8,86.66666666666667,0.0,0.0,0,210,18187.017578125,0,140,140,0,0,0,0,0
urban,4,45,9,100.0,0.0,0.0,0,174,15002.4228515625,0,140,116,0,0,0,0,0
urban,4,45,10,91.42857142857143,0.0,0.0,0,210,18118.23046875,0,140,140,0,0,0,0,0
urban,4,45,11,95.0,0.0,0.0,0,210,18131.81640625,0,140,140,0,0,0,0,0
urban,4,46,0,100.0,0.0,0.0,0,186,16391.197265625,0,140,124,0,0,0,0,0
urban,4,46,1,100.0,0.0,0.0,0,192,16577.18359375,0,140,128,0,0,0,0,0
urban,4,46,2,100.0,0.0,0.0,0,198,17190.701171875,0,140,132,0,0,0,0,0
urban,4,46,3,83.33333333333334,0.0,0.0,0,210,18660.103515625,0,140,140,0,0,0,0,0
urban,4,46,4,100.0,0.0,0.0,0,198,17276.435546875,0,140,132,0,0,0,0,0
urban,4,46,5,100.0,0.0,0.0,0,198,17031.9375,0,140,132,0,0,0,0,0
urban,4,46,6,91.42857142857143,0.0,0.0,0,210,18429.416015625,0,140,140,0,0,0,0,0
urban,4,46,7,100.0,0.0,0.0,0,162,14166.212890625,0,140,108,0,0,0,0,0
urban,4,46,8,100.0,0.0,0.0,0,186,16093.2783203125,0,140,124,0,0,0,0,0
urban,4,46,9,73.33333333333333,0.0,0.0,0,210,18720.7265625,6,140,132,6,0,2,2,1
urban,4,46,10,86.66666666666667,0.0,0.0,0,210,18201.57421875,0,140,140,0,0,0,0,0
urban,4,46,11,95.55555555555556,0.0,0.0,0,210,18227.046875,0,140,140,0,0,0,0,0
urban,6,42,0,100.0,0.0,0.0,0,270,14349.2685546875,0,210,108,0,0,0,0,0
urban,6,42,1,100.0,0.0,0.0,0,480,24972.71484375,2,210,190,2,0,0,0,0
urban,6,42,2,98.33333333333333,0.0,0.0,0,525,27168.291015625,0,210,210,0,0,0,0,0
urban,6,42,3,100.0,0.0,0.0,0,510,25765.662109375,14,210,190,12,2,0,1,0
urban,6,42,4,100.0,0.0,0.0,0,330,17383.521484375,0,210,132,0,0,0,0,0
urban,6,42,5,100.0,0.0,0.0,0,375,19364.81640625,0,210,150,0,0,0,0,0
urban,6,42,6,100.0,0.0,0.0,0,300,15760.51953125,0,210,120,0,0,0,0,0
urban,6,42,7,100.0,0.0,0.0,0,375,19375.1015625,0,210,150,0,0,0,0,0
urban,6,42,8,100.0,0.0,0.0,0,285,15124.490234375,0,210,114,0,0,0,0,0
urban,6,42,9,100.0,0.0,0.0,0,240,12781.1318359375,0,210,96,0,0,0,0,0
urban,6,42,10,100.0,0.0,0.0,0,330,17354.40625,4,210,128,4,0,0,0,0
urban,6,42,11,100.0,0.0,0.0,0,315,16421.15234375,0,210,126,0,0,0,0,0
urban,6,43,0,100.0,0.0,0.0,0,345,18010.029296875,0,210,138,0,0,0,0,0
urban,6,43,1,100.0,0.0,0.0,0,435,22607.822265625,0,210,174,0,0,0,0,0
urban,6,43,2,100.0,0.0,0.0,0,435,22555.216796875,0,210,174,0,0,0,0,0
urban,6,43,3,100.0,0.0,0.0,0,330,17266.791015625,0,210,132,0,0,0,0,0
urban,6,43,4,100.0,0.0,0.0,0,360,18787.291015625,0,210,144,0,0,0,0,0
urban,6,43,5,100.0,0.0,0.0,0,390,20127.4140625,0,210,156,0,0,0,0,0
urban,6,43,6,100.0,0.0,0.0,0,255,13454.818359375,0,210,102,0,0,0,0,0
urban,6,43,7,100.0,0.0,0.0,0,210,11279.2919921875,0,210,84,0,0,0,0,0
urban,6,43,8,100.0,0.0,0.0,0,375,19735.744140625,0,210,150,0,0,0,0,0
urban,6,43,9,100.0,0.0,0.0,0,510,26858.138671875,0,210,204,0,0,0,0,0
urban,6,43,10,98.33333333333333,0.0,0.0,0,525,26969.609375,0,210,210,0,0,0,0,0
urban,6,43,11,100.0,0.0,0.0,0,255,13514.037109375,0,210,102,0,0,0,0,0
urban,6,44,0,100.0,0.0,0.0,0,300,15637.166015625,0,210,120,0,0,0,0,0
urban,6,44,1,98.33333333333333,0.0,0.0,0,525,27058.24609375,14,210,196,14,0,0,0,0
urban,6,44,2,100.0,0.0,0.0,0,345,18253.578125,18,210,120,18,0,0,0,0
urban,6,44,3,100.0,0.0,0.0,0,420,21702.58203125,0,210,168,0,0,0,0,0
urban,6,44,4,100.0,0.0,0.0,0,405,20839.07421875,6,210,156,6,0,0,0,0
urban,6,44,5,100.0,0.0,0.0,0,270,14322.5205078125,0,210,108,0,0,0,0,0
urban,6,44,6,100.0,0.0,0.0,0,345,17977.451171875,2,210,136,2,0,0,0,0
urban,6,44,7,100.0,0.0,0.0,0,300,15697.4677734375,2,210,118,0,2,0,1,0
urban,6,44,8,100.0,0.0,0.0,0,285,15145.5927734375,0,210,114,0,0,0,0,0
urban,6,44,9,100.0,0.0,0.0,0,405,21188.0078125,0,210,162,0,0,0,0,0
urban,6,44,10,100.0,0.0,0.0,0,360,18842.369140625,6,210,138,6,0,0,0,0
urban,6,44,11,98.33333333333333,0.0,0.0,0,525,27388.1640625,0,210,210,0,0,0,0,0
urban,6,45,0,100.0,0.0,0.0,0,330,17246.09765625,0,210,132,0,0,0,0,0
urban,6,45,1,100.0,0.0,0.0,0,375,19537.025390625,0,210,150,0,0,0,0,0
urban,6,45,2,100.0,0.0,0.0,0,435,22688.59765625,0,210,174,0,0,0,0,0
urban,6,45,3,100.0,0.0,0.0,0,330,17322.091796875,0,210,132,0,0,0,0,0
urban,6,45,4,100.0,0.0,0.0,0,315,16748.16796875,4,210,122,4,0,0,0,0
urban,6,45,5,100.0,0.0,0.0,0,300,15680.830078125,0,210,120,0,0,0,0,0
urban,6,45,6,100.0,0.0,0.0,0,480,25434.130859375,0,210,192,0,0,0,0,0
urban,6,45,7,100.0,0.0,0.0,0,525,27025.537109375,0,210,210,0,0,0,0,0
urban,6,45,8,100.0,0.0,0.0,0,435,22387.65625,2,210,172,2,0,0,0,0
urban,6,45,9,100.0,0.0,0.0,0,480,24933.166015625,0,210,192,0,0,0,0,0
urban,6,45,10,100.0,0.0,0.0,0,450,23659.296875,16,210,164,16,0,0,0,0
urban,6,45,11,100.0,0.0,0.0,0,285,14998.0986328125,0,210,114,0,0,0,0,0
urban,6,46,0,100.0,0.0,0.0,0,390,20196.251953125,0,210,156,0,0,0,0,0
urban,6,46,1,100.0,0.0,0.0,0,480,24854.359375,10,210,182,10,0,0,0,0
urban,6,46,2,100.0,0.0,0.0,0,315,16452.06640625,0,210,126,0,0,0,0,0
urban,6,46,3,100.0,0.0,0.0,0,315,16377.140625,0,210,126,0,0,0,0,0
urban,6,46,4,100.0,0.0,0.0,0,285,14902.6630859375,2,210,112,2,0,0,0,0
urban,6,46,5,100.0,0.0,0.0,0,360,18961.123046875,0,210,144,0,0,0,0,0
urban,6,46,6,100.0,0.0,0.0,0,300,15694.1455078125,0,210,120,0,0,0,0,0
urban,6,46,7,100.0,0.0,0.0,0,285,15160.9365234375,0,210,114,0,0,0,0,0
urban,6,46,8,100.0,0.0,0.0,0,465,24012.5703125,4,210,182,4,0,0,0,0
urban,6,46,9,98.33333333333333,0.0,0.0,0,525,26831.052734375,0,210,210,0,0,0,0,0
urban,6,46,10,100.0,0.0,0.0,0,435,22230.7109375,12,210,162,10,2,0,1,0
urban,6,46,11,100.0,0.0,0.0,0,405,20935.61328125,0,210,162,0,0,0,0,0
urban,8,42,0,100.0,0.0,0.0,0,476,17684.146484375,0,280,136,0,0,0,0,0
urban,8,42,1,100.0,0.0,0.0,0,840,31347.763671875,2,280,238,2,0,0,0,0
urban,8,42,2,100.0,0.0,0.0,0,560,21105.1875,12,280,148,12,0,0,0,0
urban,8,42,3,100.0,0.0,0.0,0,364,13700.9140625,0,280,104,0,0,0,0,0
urban,8,42,4,100.0,0.0,0.0,0,448,16947.033203125,0,280,128,0,0,0,0,0
urban,8,42,5,100.0,0.0,0.0,0,588,21649.7109375,0,280,168,0,0,0,0,0
urban,8,42,6,100.0,0.0,0.0,0,476,17900.90234375,0,280,136,0,0,0,0,0
urban,8,42,7,98.33333333333333,0.0,0.0,0,980,35488.87109375,0,280,280,0,0,0,0,0
urban,8,42,8,100.0,0.0,0.0,0,504,18955.578125,0,280,144,0,0,0,0,0
urban,8,42,9,100.0,0.0,0.0,0,672,24819.87109375,18,280,174,18,0,0,0,0
urban,8,42,10,100.0,0.0,0.0,0,448,16991.9375,0,280,128,0,0,0,0,0
urban,8,42,11,100.0,0.0,0.0,0,728,26720.25,0,280,208,0,0,0,0,0
urban,8,43,0,100.0,0.0,0.0,0,644,23927.140625,0,280,184,0,0,0,0,0
urban,8,43,1,100.0,0.0,0.0,0,504,18929.20703125,0,280,144,0,0,0,0,0
urban,8,43,2,100.0,0.0,0.0,0,448,16784.796875,0,280,128,0,0,0,0,0
urban,8,43,3,100.0,0.0,0.0,0,812,29848.44140625,2,280,230,2,0,0,0,0
urban,8,43,4,100.0,0.0,0.0,0,560,20905.11328125,2,280,158,0,2,0,1,0
urban,8,43,5,100.0,0.0,0.0,0,504,18892.87890625,0,280,144,0,0,0,0,0
urban,8,43,6,100.0,0.0,0.0,0,364,13901.525390625,6,280,98,6,0,0,0,0
urban,8,43,7,100.0,0.0,0.0,0,448,16888.0859375,10,280,118,8,2,0,1,0
urban,8,43,8,100.0,0.0,0.0,0,588,21966.056640625,4,280,164,4,0,0,0,0
urban,8,43,9,100.0,0.0,0.0,0,420,15685.0517578125,0,280,120,0,0,0,0,0
urban,8,43,10,100.0,0.0,0.0,0,560,20719.658203125,0,280,160,0,0,0,0,0
urban,8,43,11,100.0,0.0,0.0,0,336,12799.28515625,0,280,96,0,0,0,0,0
urban,8,44,0,100.0,0.0,0.0,0,700,26235.19921875,6,280,194,6,0,0,0,0
urban,8,44,1,100.0,0.0,0.0,0,448,16911.625,2,280,126,2,0,0,0,0
urban,8,44,2,100.0,0.0,0.0,0,448,16903.3203125,0,280,128,0,0,0,0,0
urban,8,44,3,100.0,0.0,0.0,0,840,30869.00390625,0,280,240,0,0,0,0,0
urban,8,44,4,100.0,0.0,0.0,0,504,19035.318359375,0,280,144,0,0,0,0,0
urban,8,44,5,100.0,0.0,0.0,0,560,20950.91015625,0,280,160,0,0,0,0,0
urban,8,44,6,100.0,0.0,0.0,0,672,25019.0625,0,280,192,0,0,0,0,0
urban,8,44,7,100.0,0.0,0.0,0,756,27614.72265625,2,280,214,2,0,0,0,0
urban,8,44,8,100.0,0.0,0.0,0,728,26906.9296875,2,280,206,2,0,0,0,0
urban,8,44,9,100.0,0.0,0.0,0,560,20702.013671875,4,280,156,4,0,0,0,0
urban,8,44,10,100.0,0.0,0.0,0,644,23979.7734375,0,280,184,0,0,0,0,0
urban,8,44,11,100.0,0.0,0.0,0,644,23920.5390625,18,280,166,18,0,0,0,0
urban,8,45,0,100.0,0.0,0.0,0,532,19957.1640625,0,280,152,0,0,0,0,0
urban,8,45,1,100.0,0.0,0.0,0,532,20194.41796875,0,280,152,0,0,0,0,0
urban,8,45,2,100.0,0.0,0.0,0,476,18096.30859375,2,280,134,2,0,0,0,0
urban,8,45,3,100.0,0.0,0.0,0,420,15739.841796875,1,280,118,0,1,1,1,0
urban,8,45,4,100.0,0.0,0.0,0,532,19866.423828125,18,280,134,18,0,0,0,0
urban,8,45,5,100.0,0.0,0.0,0,476,17965.859375,6,280,130,4,2,0,1,0
urban,8,45,6,100.0,0.0,0.0,0,476,17720.490234375,0,280,136,0,0,0,0,0
urban,8,45,7,100.0,0.0,0.0,0,644,23903.58984375,0,280,184,0,0,0,0,0
urban,8,45,8,100.0,0.0,0.0,0,336,12617.615234375,0,280,96,0,0,0,0,0
urban,8,45,9,100.0,0.0,0.0,0,728,26928.18359375,6,280,202,6,0,0,0,0
urban,8,45,10,100.0,0.0,0.0,0,448,16684.876953125,0,280,128,0,0,0,0,0
urban,8,45,11,100.0,0.0,0.0,0,336,12837.8076171875,0,280,96,0,0,0,0,0
urban,8,46,0,100.0,0.0,0.0,0,616,23088.44921875,2,280,174,2,0,0,0,0
urban,8,46,1,100.0,0.0,0.0,0,756,27644.888671875,16,280,200,16,0,0,0,0
urban,8,46,2,100.0,0.0,0.0,0,644,23749.328125,0,280,184,0,0,0,0,0
urban,8,46,3,100.0,0.0,0.0,0,336,12768.7119140625,0,280,96,0,0,0,0,0
urban,8,46,4,100.0,0.0,0.0,0,420,15803.5048828125,0,280,120,0,0,0,0,0
urban,8,46,5,100.0,0.0,0.0,0,952,35098.32421875,0,280,272,0,0,0,0,0
urban,8,46,6,100.0,0.0,0.0,0,476,17922.3984375,0,280,136,0,0,0,0,0
urban,8,46,7,95.0,0.0,0.0,0,980,35796.921875,2,280,278,2,0,0,0,0
urban,8,46,8,100.0,0.0,0.0,0,616,23133.03125,0,280,176,0,0,0,0,0
urban,8,46,9,100.0,0.0,0.0,0,644,23970.77734375,2,280,182,2,0,0,0,0
urban,8,46,10,100.0,0.0,0.0,0,504,19042.96484375,0,280,144,0,0,0,0,0
urban,8,46,11,100.0,0.0,0.0,0,532,19947.455078125,0,280,152,0,0,0,0,0
mountain,4,42,0,100.0,0.0,0.0,0,204,17658.60546875,0,140,136,0,0,0,0,0
mountain,4,42,1,82.85714285714286,0.0,0.0,0,210,18590.193359375,0,140,140,0,0,0,0,0
mountain,4,42,2,100.0,0.0,0.0,0,180,15695.607421875,0,140,120,0,0,0,0,0
mountain,4,42,3,100.0,0.0,0.0,0,210,18376.96875,0,140,140,0,0,0,0,0
mountain,4,42,4,100.0,0.0,0.0,0,168,14663.943359375,0,140,112,0,0,0,0,0
mountain,4,42,5,86.66666666666667,0.0,0.0,0,210,18158.384765625,0,140,140,0,0,0,0,0
mountain,4,42,6,100.0,0.0,0.0,0,156,13608.3291015625,0,140,104,0,0,0,0,0
mountain,4,42,7,80.0,0.0,0.0,0,210,18726.21484375,0,140,140,0,0,0,0,0
mountain,4,42,8,96.66666666666667,0.0,0.0,0,210,18182.46875,0,140,140,0,0,0,0,0
mountain,4,42,9,100.0,0.0,0.0,0,168,14814.384765625,0,140,112,0,0,0,0,0
mountain,4,42,10,78.33333333333333,0.0,0.0,0,210,18462.23046875,4,140,136,4,0,0,0,0
mountain,4,42,11,95.0,0.0,0.0,0,210,18424.287109375,0,140,140,0,0,0,0,0
mountain,4,43,0,95.55555555555556,0.0,0.0,0,210,18033.5078125,0,140,140,0,0,0,0,0
mountain,4,43,1,80.0,0.0,0.0,0,210,18349.775390625,0,140,140,0,0,0,0,0
mountain,4,43,2,100.0,0.0,0.0,0,192,16587.876953125,0,140,128,0,0,0,0,0
mountain,4,43,3,94.28571428571428,0.0,0.0,0,210,18575.4296875,0,140,140,0,0,0,0,0
mountain,4,43,4,96.66666666666667,0.0,0.0,0,210,18311.37890625,0,140,140,0,0,0,0,0
mountain,4,43,5,93.33333333333333,0.0,0.0,0,210,18121.9296875,6,140,134,6,0,0,0,0
mountain,4,43,6,100.0,0.0,0.0,0,162,14223.337890625,0,140,108,0,0,0,0,0
mountain,4,43,7,100.0,0.0,0.0,0,162,14196.384765625,0,140,108,0,0,0,0,0
mountain,4,43,8,100.0,0.0,0.0,0,210,18157.58203125,0,140,140,0,0,0,0,0
mountain,4,43,9,100.0,0.0,0.0,0,210,18137.814453125,2,140,138,2,0,0,0,0
mountain,4,43,10,95.0,0.0,0.0,0,210,18451.943359375,0,140,140,0,0,0,0,0
mountain,4,43,11,88.33333333333333,0.0,0.0,0,210,18370.267578125,0,140,140,0,0,0,0,0
mountain,4,44,0,100.0,0.0,0.0,0,192,16384.92578125,0,140,128,0,0,0,0,0
mountain,4,44,1,93.33333333333333,0.0,0.0,0,210,18209.9921875,6,140,134,6,0,0,0,0
mountain,4,44,2,100.0,0.0,0.0,0,192,16638.74609375,0,140,128,0,0,0,0,0
mountain,4,44,3,83.33333333333334,0.0,0.0,0,210,18364.970703125,8,140,132,8,0,0,0,0
mountain,4,44,4,91.66666666666666,0.0,0.0,0,210,18080.158203125,0,140,140,0,0,0,0,0
mountain,4,44,5,97.14285714285714,0.0,0.0,0,210,18159.96875,0,140,140,0,0,0,0,0
mountain,4,44,6,90.0,0.0,0.0,0,210,18232.84375,14,140,126,8,6,0,1,0
mountain,4,44,7,88.57142857142857,0.0,0.0,0,210,18289.69140625,8,140,132,7,1,0,1,0
mountain,4,44,8,97.14285714285714,0.0,0.0,0,210,18108.75390625,0,140,140,0,0,0,0,0
mountain,4,44,9,97.77777777777777,0.0,0.0,0,210,18214.82421875,4,140,136,4,0,0,0,0
mountain,4,44,10,93.33333333333333,0.0,0.0,0,210,18459.044921875,0,140,140,0,0,0,0,0
mountain,4,44,11,97.77777777777777,0.0,0.0,0,210,18150.943359375,0,140,140,0,0,0,0,0
mountain,4,45,0,94.28571428571428,0.0,0.0,0,210,17991.6875,0,140,140,0,0,0,0,0
mountain,4,45,1,95.0,0.0,0.0,0,210,18198.935546875,0,140,140,0,0,0,0,0
mountain,4,45,2,80.0,0.0,0.0,0,210,18142.310546875,22,140,118,18,4,0,1,0
mountain,4,45,3,96.66666666666667,0.0,0.0,0,210,18112.728515625,2,140,138,0,2,0,1,0
mountain,4,45,4,100.0,0.0,0.0,0,168,14645.947265625,0,140,112,0,0,0,0,0
mountain,4,45,5,82.85714285714286,0.0,0.0,0,210,18634.693359375,2,140,138,2,0,0,0,0
mountain,4,45,6,93.33333333333333,0.0,0.0,0,210,18239.126953125,0,140,140,0,0,0,0,0
mountain,4,45,7,97.77777777777777,0.0,0.0,0,210,18271.099609375,0,140,140,0,0,0,0,0
mountain,4,45,8,75.55555555555556,0.0,0.0,0,210,18634.1796875,0,140,140,0,0,0,0,0
mountain,4,45,9,90.0,0.0,0.0,0,210,18449.2421875,0,140,140,0,0,0,0,0
mountain,4,45,10,88.88888888888889,0.0,0.0,0,210,18144.875,1,140,139,1,0,0,0,0
mountain,4,45,11,97.14285714285714,0.0,0.0,0,210,18434.92578125,10,140,130,9,1,0,1,0
mountain,4,46,0,100.0,0.0,0.0,0,180,15469.34375,0,140,120,0,0,0,0,0
mountain,4,46,1,93.33333333333333,0.0,0.0,0,210,18258.62890625,0,140,140,0,0,0,0,0
mountain,4,46,2,97.77777777777777,0.0,0.0,0,210,17981.232421875,8,140,132,8,0,0,0,0
mountain,4,46,3,98.33333333333333,0.0,0.0,0,210,17997.3828125,0,140,140,0,0,0,0,0
mountain,4,46,4,91.42857142857143,0.0,0.0,0,210,18119.3828125,0,140,140,0,0,0,0,0
mountain,4,46,5,100.0,0.0,0.0,0,192,16838.056640625,2,140,126,2,0,0,0,0
mountain,4,46,6,100.0,0.0,0.0,0,162,14036.1640625,0,140,108,0,0,0,0,0
mountain,4,46,7,100.0,0.0,0.0,0,168,14558.3369140625,0,140,112,0,0,0,0,0
mountain,4,46,8,73.33333333333333,0.0,0.0,0,210,18689.26171875,10,140,130,9,1,0,1,0
mountain,4,46,9,93.33333333333333,0.0,0.0,0,210,18048.1796875,0,140,140,0,0,0,0,0
mountain,4,46,10,80.0,0.0,0.0,0,210,18108.30859375,4,140,136,0,4,0,2,2
mountain,4,46,11,100.0,0.0,0.0,0,180,15629.57421875,0,140,120,0,0,0,0,0
mountain,6,42,0,100.0,0.0,0.0,0,420,21684.201171875,2,210,166,2,0,0,0,0
mountain,6,42,1,100.0,0.0,0.0,0,420,21648.95703125,10,210,158,10,0,0,0,0
mountain,6,42,2,95.0,0.0,0.0,0,525,26906.4140625,12,210,198,12,0,0,0,0
mountain,6,42,3,100.0,0.0,0.0,0,480,24783.5859375,0,210,192,0,0,0,0,0
mountain,6,42,4,100.0,0.0,0.0,0,315,16476.6171875,0,210,126,0,0,0,0,0
mountain,6,42,5,100.0,0.0,0.0,0,435,22656.2734375,6,210,168,6,0,0,0,0
mountain,6,42,6,97.77777777777777,0.0,0.0,0,525,26753.685546875,18,210,192,18,0,0,0,0
mountain,6,42,7,100.0,0.0,0.0,0,270,14250.140625,0,210,108,0,0,0,0,0
mountain,6,42,8,100.0,0.0,0.0,0,420,21702.2578125,0,210,168,0,0,0,0,0
mountain,6,42,9,100.0,0.0,0.0,0,315,16461.51171875,0,210,126,0,0,0,0,0
mountain,6,42,10,100.0,0.0,0.0,0,420,21697.3359375,0,210,168,0,0,0,0,0
mountain,6,42,11,100.0,0.0,0.0,0,390,20608.607421875,0,210,156,0,0,0,0,0
mountain,6,43,0,100.0,0.0,0.0,0,315,16462.05078125,0,210,126,0,0,0,0,0
mountain,6,43,1,100.0,0.0,0.0,0,495,21280.60546875,0,210,165,0,0,33,33,1
mountain,6,43,2,100.0,0.0,0.0,0,450,23338.6171875,12,210,168,12,0,0,0,0
mountain,6,43,3,100.0,0.0,0.0,0,240,12630.4638671875,0,210,96,0,0,0,0,0
mountain,6,43,4,100.0,0.0,0.0,0,450,23033.822265625,14,210,166,14,0,0,0,0
mountain,6,43,5,100.0,0.0,0.0,0,225,11945.4140625,0,210,90,0,0,0,0,0
mountain,6,43,6,100.0,0.0,0.0,0,435,22538.091796875,6,210,168,6,0,0,0,0
mountain,6,43,7,100.0,0.0,0.0,0,405,20994.390625,0,210,162,0,0,0,0,0
mountain,6,43,8,100.0,0.0,0.0,0,435,22502.8671875,4,210,170,4,0,0,0,0
mountain,6,43,9,100.0,0.0,0.0,0,300,15744.7109375,0,210,120,0,0,0,0,0
mountain,6,43,10,98.33333333333333,0.0,0.0,0,525,26798.12890625,0,210,210,0,0,0,0,0
mountain,6,43,11,100.0,0.0,0.0,0,300,15683.6865234375,0,210,120,0,0,0,0,0
mountain,6,44,0,100.0,0.0,0.0,0,330,17202.755859375,0,210,132,0,0,0,0,0
mountain,6,44,1,100.0,0.0,0.0,0,270,14255.798828125,0,210,108,0,0,0,0,0
mountain,6,44,2,100.0,0.0,0.0,0,345,18038.01953125,0,210,138,0,0,0,0,0
mountain,6,44,3,98.33333333333333,0.0,0.0,0,525,26973.146484375,2,210,208,2,0,0,0,0
mountain,6,44,4,100.0,0.0,0.0,0,300,15922.62109375,0,210,120,0,0,0,0,0
mountain,6,44,5,100.0,0.0,0.0,0,405,20931.421875,0,210,162,0,0,0,0,0
mountain,6,44,6,98.33333333333333,0.0,0.0,0,525,26941.4140625,2,210,208,2,0,0,0,0
mountain,6,44,7,100.0,0.0,0.0,0,420,21922.72265625,0,210,168,0,0,0,0,0
mountain,6,44,8,100.0,0.0,0.0,0,405,20964.6484375,0,210,162,0,0,0,0,0
mountain,6,44,9,100.0,0.0,0.0,0,525,26902.46875,0,210,210,0,0,0,0,0
mountain,6,44,10,97.14285714285714,0.0,0.0,0,525,26853.06640625,6,210,204,6,0,0,0,0
mountain,6,44,11,100.0,0.0,0.0,0,480,24672.576171875,0,210,192,0,0,0,0,0
mountain,6,45,0,100.0,0.0,0.0,0,405,21243.78515625,2,210,160,0,2,0,1,0
mountain,6,45,1,100.0,0.0,0.0,0,330,17247.21484375,2,210,130,1,1,0,1,0
mountain,6,45,2,100.0,0.0,0.0,0,315,16821.701171875,0,210,126,0,0,0,0,0
mountain,6,45,3,100.0,0.0,0.0,0,300,15669.2490234375,1,210,118,0,1,1,1,0
mountain,6,45,4,100.0,0.0,0.0,0,480,24694.10546875,0,210,192,0,0,0,0,0
mountain,6,45,5,94.28571428571428,0.0,0.0,0,525,26951.505859375,0,210,210,0,0,0,0,0
mountain,6,45,6,100.0,0.0,0.0,0,435,22415.912109375,0,210,174,0,0,0,0,0
mountain,6,45,7,100.0,0.0,0.0,0,375,19530.693359375,0,210,150,0,0,0,0,0
mountain,6,45,8,100.0,0.0,0.0,0,345,18127.388671875,0,210,138,0,0,0,0,0
mountain,6,45,9,100.0,0.0,0.0,0,270,14281.34375,6,210,102,5,1,0,1,0
mountain,6,45,10,100.0,0.0,0.0,0,420,21719.650390625,0,210,168,0,0,0,0,0
mountain,6,45,11,100.0,0.0,0.0,0,390,20332.05859375,0,210,156,0,0,0,0,0
mountain,6,46,0,100.0,0.0,0.0,0,420,22223.71484375,0,210,168,0,0,0,0,0
mountain,6,46,1,100.0,0.0,0.0,0,420,21704.42578125,0,210,168,0,0,0,0,0
mountain,6,46,2,100.0,0.0,0.0,0,300,15640.2666015625,2,210,118,2,0,0,0,0
mountain,6,46,3,100.0,0.0,0.0,0,390,20173.908203125,0,210,156,0,0,0,0,0
mountain,6,46,4,100.0,0.0,0.0,0,360,19008.42578125,0,210,144,0,0,0,0,0
mountain,6,46,5,97.14285714285714,0.0,0.0,0,525,27043.099609375,0,210,210,0,0,0,0,0
mountain,6,46,6,100.0,0.0,0.0,0,345,17920.25,0,210,138,0,0,0,0,0
mountain,6,46,7,100.0,0.0,0.0,0,315,16470.62109375,0,210,126,0,0,0,0,0
mountain,6,46,8,100.0,0.0,0.0,0,375,19607.73828125,0,210,150,0,0,0,0,0
mountain,6,46,9,100.0,0.0,0.0,0,360,18748.125,2,210,142,2,0,0,0,0
mountain,6,46,10,100.0,0.0,0.0,0,300,15722.330078125,0,210,120,0,0,0,0,0
mountain,6,46,11,100.0,0.0,0.0,0,345,18085.021484375,0,210,138,0,0,0,0,0
mountain,8,42,0,100.0,0.0,0.0,0,784,29178.4296875,2,280,222,2,0,0,0,0
mountain,8,42,1,98.33333333333333,0.0,0.0,0,980,35675.1015625,12,280,268,12,0,0,0,0
mountain,8,42,2,100.0,0.0,0.0,0,756,27585.51953125,0,280,216,0,0,0,0,0
mountain,8,42,3,100.0,0.0,0.0,0,532,19738.05078125,10,280,142,10,0,0,0,0
mountain,8,42,4,95.0,0.0,0.0,0,980,35844.18359375,10,280,270,10,0,0,0,0
mountain,8,42,5,100.0,0.0,0.0,0,476,17891.697265625,0,280,136,0,0,0,0,0
mountain,8,42,6,100.0,0.0,0.0,0,420,15822.134765625,8,280,112,8,0,0,0,0
mountain,8,42,7,100.0,0.0,0.0,0,756,27757.978515625,4,280,212,4,0,0,0,0
mountain,8,42,8,98.33333333333333,0.0,0.0,0,980,35711.94140625,10,280,270,9,1,0,1,0
mountain,8,42,9,100.0,0.0,0.0,0,700,25673.61328125,2,280,198,2,0,0,0,0
mountain,8,42,10,100.0,0.0,0.0,0,728,26647.951171875,0,280,208,0,0,0,0,0
mountain,8,42,11,100.0,0.0,0.0,0,476,17876.33203125,2,280,134,2,0,0,0,0
mountain,8,43,0,100.0,0.0,0.0,0,672,24786.677734375,0,280,192,0,0,0,0,0
mountain,8,43,1,100.0,0.0,0.0,0,392,14971.421875,0,280,112,0,0,0,0,0
mountain,8,43,2,98.33333333333333,0.0,0.0,0,980,35481.0390625,0,280,280,0,0,0,0,0
mountain,8,43,3,100.0,0.0,0.0,0,700,26117.09765625,6,280,194,6,0,0,0,0
mountain,8,43,4,100.0,0.0,0.0,0,588,21829.2890625,0,280,168,0,0,0,0,0
mountain,8,43,5,100.0,0.0,0.0,0,420,15699.6240234375,6,280,114,6,0,0,0,0
mountain,8,43,6,100.0,0.0,0.0,0,588,22002.119140625,2,280,166,2,0,0,0,0
mountain,8,43,7,100.0,0.0,0.0,0,644,23990.16015625,0,280,184,0,0,0,0,0
mountain,8,43,8,100.0,0.0,0.0,0,364,13973.54296875,0,280,104,0,0,0,0,0
mountain,8,43,9,100.0,0.0,0.0,0,532,19960.65625,2,280,150,2,0,0,0,0
mountain,8,43,10,100.0,0.0,0.0,0,504,18986.646484375,6,280,138,6,0,0,0,0
mountain,8,43,11,100.0,0.0,0.0,0,476,17865.333984375,4,280,132,4,0,0,0,0
mountain,8,44,0,100.0,0.0,0.0,0,476,17875.8984375,0,280,136,0,0,0,0,0
mountain,8,44,1,100.0,0.0,0.0,0,588,21751.609375,8,280,160,2,6,0,3,2
mountain,8,44,2,100.0,0.0,0.0,0,420,15769.458984375,2,280,118,2,0,0,0,0
mountain,8,44,3,100.0,0.0,0.0,0,252,9640.9140625,0,280,72,0,0,0,0,0
mountain,8,44,4,100.0,0.0,0.0,0,448,16822.31640625,0,280,128,0,0,0,0,0
mountain,8,44,5,100.0,0.0,0.0,0,784,29047.423828125,2,280,222,2,0,0,0,0
mountain,8,44,6,100.0,0.0,0.0,0,728,26802.486328125,0,280,208,0,0,0,0,0
mountain,8,44,7,100.0,0.0,0.0,0,280,10747.623046875,0,280,80,0,0,0,0,0
mountain,8,44,8,88.88888888888889,0.0,0.0,0,980,36196.1484375,57,280,220,51,6,3,1,0
mountain,8,44,9,100.0,0.0,0.0,0,588,21959.42578125,0,280,168,0,0,0,0,0
mountain,8,44,10,100.0,0.0,0.0,0,308,11790.859375,0,280,88,0,0,0,0,0
mountain,8,44,11,93.33333333333333,0.01020408163265306,0.01020408163265306,10,980,35649.234375,12,280,248,12,0,20,10,3
mountain,8,45,0,100.0,0.0,0.0,0,280,10761.484375,0,280,80,0,0,0,0,0
mountain,8,45,1,100.0,0.0,0.0,0,532,19742.052734375,2,280,150,2,0,0,0,0
mountain,8,45,2,100.0,0.0,0.0,0,448,16721.771484375,4,280,124,4,0,0,0,0
mountain,8,45,3,100.0,0.0,0.0,0,364,13788.6865234375,0,280,104,0,0,0,0,0
mountain,8,45,4,100.0,0.0,0.0,0,476,17813.01171875,0,280,136,0,0,0,0,0
mountain,8,45,5,100.0,0.0,0.0,0,560,21033.66796875,2,280,158,2,0,0,0,0
mountain,8,45,6,100.0,0.0,0.0,0,392,15003.775390625,0,280,112,0,0,0,0,0
mountain,8,45,7,100.0,0.0,0.0,0,420,15754.109375,2,280,118,2,0,0,0,0
mountain,8,45,8,100.0,0.0,0.0,0,308,11589.05859375,0,280,88,0,0,0,0,0
mountain,8,45,9,100.0,0.0,0.0,0,476,17776.921875,2,280,134,2,0,0,0,0
mountain,8,45,10,100.0,0.0,0.0,0,812,30277.703125,0,280,232,0,0,0,0,0
mountain,8,45,11,100.0,0.0,0.0,0,336,12828.5654296875,0,280,96,0,0,0,0,0
mountain,8,46,0,93.33333333333333,0.0,0.0,0,980,35647.91796875,0,280,280,0,0,0,0,0
mountain,8,46,1,98.33333333333333,0.0,0.0,0,980,35412.46484375,2,280,278,2,0,0,0,0
mountain,8,46,2,100.0,0.0,0.0,0,420,15895.9150390625,0,280,120,0,0,0,0,0
mountain,8,46,3,100.0,0.0,0.0,0,812,29875.078125,4,280,228,4,0,0,0,0
mountain,8,46,4,100.0,0.0,0.0,0,756,27884.576171875,0,280,216,0,0,0,0,0
mountain,8,46,5,100.0,0.0,0.0,0,504,18925.87109375,0,280,144,0,0,0,0,0
mountain,8,46,6,100.0,0.0,0.0,0,476,17827.51171875,0,280,136,0,0,0,0,0
mountain,8,46,7,100.0,0.0,0.0,0,672,24956.71875,0,280,192,0,0,0,0,0
mountain,8,46,8,100.0,0.0,0.0,0,896,32597.27734375,6,280,250,6,0,0,0,0
mountain,8,46,9,100.0,0.0,0.0,0,504,19207.89453125,4,280,140,4,0,0,0,0
mountain,8,46,10,100.0,0.0,0.0,0,532,19999.857421875,0,280,152,0,0,0,0,0
mountain,8,46,11,100.0,0.0,0.0,0,420,15876.5908203125,0,280,120,0,0,0,0,0
mountain-dense,4,42,0,85.0,0.0,0.0,0,210,18603.30078125,2,140,138,2,0,0,0,0
mountain-dense,4,42,1,88.88888888888889,0.0,0.0,0,210,18388.169921875,0,140,140,0,0,0,0,0
mountain-dense,4,42,2,97.77777777777777,0.0,0.0,0,210,18179.2734375,0,140,140,0,0,0,0,0
mountain-dense,4,42,3,97.14285714285714,0.0,0.0,0,210,18203.75390625,0,140,140,0,0,0,0,0
mountain-dense,4,42,4,80.0,0.0,0.0,0,210,18513.08203125,0,140,140,0,0,0,0,0
mountain-dense,4,42,5,96.66666666666667,0.0,0.0,0,210,18102.01171875,0,140,140,0,0,0,0,0
mountain-dense,4,42,6,95.55555555555556,0.0,0.0,0,210,18294.126953125,0,140,140,0,0,0,0,0
mountain-dense,4,42,7,86.66666666666667,0.0,0.0,0,210,18291.873046875,8,140,132,8,0,0,0,0
mountain-dense,4,42,8,94.28571428571428,0.0,0.0,0,210,18062.5390625,0,140,139,0,0,1,1,0
mountain-dense,4,42,9,100.0,0.0,0.0,0,192,16558.46484375,0,140,128,0,0,0,0,0
mountain-dense,4,42,10,100.0,0.0,0.0,0,192,16618.546875,0,140,128,0,0,0,0,0
mountain-dense,4,42,11,80.0,0.0,0.0,0,210,18620.13671875,8,140,132,8,0,0,0,0
mountain-dense,4,43,0,88.33333333333333,0.0,0.0,0,210,18442.83984375,0,140,140,0,0,0,0,0
mountain-dense,4,43,1,91.42857142857143,0.0,0.0,0,210,18317.7109375,0,140,140,0,0,0,0,0
mountain-dense,4,43,2,97.77777777777777,0.0,0.0,0,210,17993.447265625,0,140,140,0,0,0,0,0
mountain-dense,4,43,3,97.14285714285714,0.0,0.0,0,210,18227.55078125,0,140,140,0,0,0,0,0
mountain-dense,4,43,4,93.33333333333333,0.0,0.0,0,210,18254.681640625,4,140,136,4,0,0,0,0
mountain-dense,4,43,5,97.14285714285714,0.0,0.0,0,210,18064.28515625,0,140,140,0,0,0,0,0
mountain-dense,4,43,6,100.0,0.0,0.0,0,210,18037.11328125,0,140,140,0,0,0,0,0
mountain-dense,4,43,7,85.71428571428571,0.0,0.0,0,210,18038.3671875,0,140,140,0,0,0,0,0
mountain-dense,4,43,8,85.0,0.0,0.0,0,210,18565.28125,0,140,140,0,0,0,0,0
mountain-dense,4,43,9,100.0,0.0,0.0,0,162,14219.36328125,0,140,108,0,0,0,0,0
mountain-dense,4,43,10,100.0,0.0,0.0,0,174,15300.185546875,0,140,116,0,0,0,0,0
mountain-dense,4,43,11,91.66666666666666,0.0,0.0,0,210,18083.04296875,0,140,140,0,0,0,0,0
mountain-dense,4,44,0,95.55555555555556,0.0,0.0,0,210,18216.287109375,0,140,140,0,0,0,0,0
mountain-dense,4,44,1,100.0,0.0,0.0,0,138,12127.3017578125,0,140,92,0,0,0,0,0
mountain-dense,4,44,2,91.11111111111111,0.0,0.0,0,210,18072.51953125,0,140,140,0,0,0,0,0
mountain-dense,4,44,3,100.0,0.0,0.0,0,192,16631.0546875,0,140,128,0,0,0,0,0
mountain-dense,4,44,4,77.14285714285715,0.0,0.0,0,210,18564.80078125,2,140,138,2,0,0,0,0
mountain-dense,4,44,5,100.0,0.0,0.0,0,150,13221.6142578125,0,140,100,0,0,0,0,0
mountain-dense,4,44,6,88.57142857142857,0.0,0.0,0,210,18194.888671875,12,140,128,12,0,0,0,0
mountain-dense,4,44,7,95.0,0.0,0.0,0,210,18074.810546875,0,140,140,0,0,0,0,0
mountain-dense,4,44,8,85.71428571428571,0.0,0.0,0,210,18527.23828125,18,140,122,18,0,0,0,0
mountain-dense,4,44,9,82.85714285714286,0.0,0.0,0,210,18160.17578125,0,140,140,0,0,0,0,0
mountain-dense,4,44,10,84.44444444444444,0.0,0.0,0,210,18432.32421875,0,140,140,0,0,0,0,0
mountain-dense,4,44,11,97.77777777777777,0.0,0.0,0,210,18172.1953125,0,140,140,0,0,0,0,0
mountain-dense,4,45,0,96.66666666666667,0.0,0.0,0,210,18049.408203125,0,140,140,0,0,0,0,0
mountain-dense,4,45,1,100.0,0.0,0.0,0,156,13661.654296875,0,140,104,0,0,0,0,0
mountain-dense,4,45,2,85.0,0.0,0.0,0,210,18261.30859375,8,140,132,7,1,0,1,0
mountain-dense,4,45,3,100.0,0.0,0.0,0,138,12336.765625,0,140,92,0,0,0,0,0
mountain-dense,4,45,4,94.28571428571428,0.0,0.0,0,210,17888.6015625,0,140,140,0,0,0,0,0
mountain-dense,4,45,5,91.11111111111111,0.0,0.0,0,210,18077.02734375,0,140,140,0,0,0,0,0
mountain-dense,4,45,6,93.33333333333333,0.0,0.0,0,210,18266.0234375,0,140,140,0,0,0,0,0
mountain-dense,4,45,7,91.42857142857143,0.0,0.0,0,210,18262.619140625,0,140,140,0,0,0,0,0
mountain-dense,4,45,8,100.0,0.0,0.0,0,180,15599.7421875,0,140,120,0,0,0,0,0
mountain-dense,4,45,9,100.0,0.0,0.0,0,192,16466.435546875,0,140,128,0,0,0,0,0
mountain-dense,4,45,10,100.0,0.0,0.0,0,204,17545.876953125,0,140,136,0,0,0,0,0
mountain-dense,4,45,11,100.0,0.0,0.0,0,186,16411.583984375,0,140,124,0,0,0,0,0
mountain-dense,4,46,0,94.28571428571428,0.0,0.0,0,210,18246.056640625,0,140,140,0,0,0,0,0
mountain-dense,4,46,1,90.0,0.0,0.0,0,210,18334.353515625,0,140,140,0,0,0,0,0
mountain-dense,4,46,2,100.0,0.0,0.0,0,168,14628.9658203125,0,140,112,0,0,0,0,0
mountain-dense,4,46,3,100.0,0.0,0.0,0,168,14563.287109375,0,140,112,0,0,0,0,0
mountain-dense,4,46,4,98.33333333333333,0.0,0.0,0,210,18137.087890625,0,140,140,0,0,0,0,0
mountain-dense,4,46,5,100.0,0.0,0.0,0,150,13166.9638671875,0,140,100,0,0,0,0,0
mountain-dense,4,46,6,83.33333333333334,0.0,0.0,0,210,18119.73046875,2,140,138,2,0,0,0,0
mountain-dense,4,46,7,93.33333333333333,0.0,0.0,0,210,18203.3515625,0,140,140,0,0,0,0,0
mountain-dense,4,46,8,80.0,0.0,0.0,0,210,18359.25390625,0,140,140,0,0,0,0,0
mountain-dense,4,46,9,95.0,0.0,0.0,0,210,18248.96484375,14,140,126,14,0,0,0,0
mountain-dense,4,46,10,100.0,0.0,0.0,0,198,16909.09375,0,140,132,0,0,0,0,0
mountain-dense,4,46,11,93.33333333333333,0.0,0.0,0,210,18256.869140625,0,140,140,0,0,0,0,0
mountain-dense,6,42,0,100.0,0.0,0.0,0,390,20532.646484375,6,210,149,6,0,1,1,0
mountain-dense,6,42,1,100.0,0.0,0.0,0,495,25616.158203125,12,210,186,12,0,0,0,0
mountain-dense,6,42,2,100.0,0.0,0.0,0,435,22458.08203125,0,210,174,0,0,0,0,0
mountain-dense,6,42,3,100.0,0.0,0.0,0,345,18072.916015625,0,210,138,0,0,0,0,0
mountain-dense,6,42,4,100.0,0.0,0.0,0,450,23363.78125,2,210,178,2,0,0,0,0
mountain-dense,6,42,5,100.0,0.0,0.0,0,195,10407.37890625,2,210,76,2,0,0,0,0
mountain-dense,6,42,6,100.0,0.0,0.0,0,465,23998.533203125,10,210,176,10,0,0,0,0
mountain-dense,6,42,7,100.0,0.0,0.0,0,480,24955.208984375,12,210,180,10,2,0,1,0
mountain-dense,6,42,8,100.0,0.0,0.0,0,420,21973.36328125,2,210,166,2,0,0,0,0
mountain-dense,6,42,9,100.0,0.0,0.0,0,480,24825.75,2,210,190,2,0,0,0,0
mountain-dense,6,42,10,100.0,0.0,0.0,0,225,12097.8740234375,0,210,90,0,0,0,0,0
mountain-dense,6,42,11,100.0,0.0,0.0,0,405,21105.93359375,0,210,162,0,0,0,0,0
mountain-dense,6,43,0,100.0,0.0,0.0,0,480,24810.2109375,0,210,192,0,0,0,0,0
mountain-dense,6,43,1,100.0,0.0,0.0,0,435,22598.3125,11,210,163,11,0,0,0,0
mountain-dense,6,43,2,100.0,0.0,0.0,0,390,20210.0,0,210,156,0,0,0,0,0
mountain-dense,6,43,3,94.28571428571428,0.0,0.0,0,525,26686.310546875,2,210,208,2,0,0,0,0
mountain-dense,6,43,4,100.0,0.0,0.0,0,450,23266.48046875,8,210,172,8,0,0,0,0
mountain-dense,6,43,5,100.0,0.0,0.0,0,450,23277.3125,8,210,172,8,0,0,0,0
mountain-dense,6,43,6,100.0,0.0,0.0,0,390,20307.365234375,8,210,148,8,0,0,0,0
mountain-dense,6,43,7,100.0,0.0,0.0,0,435,22445.4765625,0,210,174,0,0,0,0,0
mountain-dense,6,43,8,100.0,0.0,0.0,0,480,24819.341796875,28,210,164,26,2,0,1,0
mountain-dense,6,43,9,100.0,0.0,0.0,0,390,20628.064453125,3,210,153,3,0,0,0,0
mountain-dense,6,43,10,96.66666666666667,0.0,0.0,0,525,26769.6328125,0,210,210,0,0,0,0,0
mountain-dense,6,43,11,100.0,0.0,0.0,0,330,17452.296875,0,210,132,0,0,0,0,0
mountain-dense,6,44,0,91.42857142857143,0.0,0.0,0,525,26811.62109375,0,210,210,0,0,0,0,0
mountain-dense,6,44,1,100.0,0.0,0.0,0,345,18131.935546875,0,210,138,0,0,0,0,0
mountain-dense,6,44,2,100.0,0.0,0.0,0,300,15862.88671875,0,210,120,0,0,0,0,0
mountain-dense,6,44,3,100.0,0.0,0.0,0,255,13470.8271484375,0,210,102,0,0,0,0,0
mountain-dense,6,44,4,100.0,0.0,0.0,0,375,19583.431640625,0,210,150,0,0,0,0,0
mountain-dense,6,44,5,100.0,0.0,0.0,0,420,22073.478515625,0,210,168,0,0,0,0,0
mountain-dense,6,44,6,80.0,0.0,0.0,0,525,27517.59765625,4,210,206,4,0,0,0,0
mountain-dense,6,44,7,98.33333333333333,0.0,0.0,0,525,26668.7109375,6,210,204,6,0,0,0,0
mountain-dense,6,44,8,100.0,0.0,0.0,0,330,17348.03515625,0,210,132,0,0,0,0,0
mountain-dense,6,44,9,100.0,0.0,0.0,0,345,18023.296875,0,210,138,0,0,0,0,0
mountain-dense,6,44,10,100.0,0.0,0.0,0,450,23201.8046875,4,210,176,2,2,0,1,0
mountain-dense,6,44,11,100.0,0.0,0.0,0,435,22613.16796875,0,210,174,0,0,0,0,0
mountain-dense,6,45,0,100.0,0.0,0.0,0,375,19586.4296875,4,210,146,4,0,0,0,0
mountain-dense,6,45,1,100.0,0.0,0.0,0,345,18225.4140625,0,210,138,0,0,0,0,0
mountain-dense,6,45,2,100.0,0.0,0.0,0,525,26982.51953125,10,210,200,10,0,0,0,0
mountain-dense,6,45,3,100.0,0.0,0.0,0,270,14275.3876953125,0,210,108,0,0,0,0,0
mountain-dense,6,45,4,100.0,0.00196078431372549,0.00196078431372549,1,510,26137.4453125,13,210,188,9,4,3,2,2
mountain-dense,6,45,5,100.0,0.0,0.0,0,450,23072.607421875,0,210,180,0,0,0,0,0
mountain-dense,6,45,6,100.0,0.0,0.0,0,390,20160.31640625,0,210,156,0,0,0,0,0
mountain-dense,6,45,7,100.0,0.0,0.0,0,345,18072.28125,2,210,136,2,0,0,0,0
mountain-dense,6,45,8,98.33333333333333,0.0,0.0,0,525,26944.39453125,6,210,204,5,1,0,1,0
mountain-dense,6,45,9,100.0,0.0,0.0,0,465,23962.19140625,6,210,180,6,0,0,0,0
mountain-dense,6,45,10,100.0,0.0,0.0,0,300,15692.412109375,0,210,120,0,0,0,0,0
mountain-dense,6,45,11,100.0,0.0,0.0,0,375,19379.078125,2,210,148,2,0,0,0,0
mountain-dense,6,46,0,98.33333333333333,0.0,0.0,0,525,26997.33203125,6,210,204,4,2,0,1,0
mountain-dense,6,46,1,100.0,0.0,0.0,0,300,15936.2314453125,0,210,120,0,0,0,0,0
mountain-dense,6,46,2,100.0,0.0,0.0,0,495,25480.87890625,2,210,196,1,1,0,1,0
mountain-dense,6,46,3,100.0,0.0,0.0,0,375,19419.06640625,12,210,138,12,0,0,0,0
mountain-dense,6,46,4,100.0,0.0,0.0,0,405,20918.673828125,0,210,162,0,0,0,0,0
mountain-dense,6,46,5,100.0,0.0,0.0,0,360,18777.21484375,0,210,144,0,0,0,0,0
mountain-dense,6,46,6,100.0,0.0,0.0,0,525,27037.1640625,0,210,210,0,0,0,0,0
mountain-dense,6,46,7,97.14285714285714,0.0,0.0,0,525,26793.26171875,8,210,202,4,4,0,2,2
mountain-dense,6,46,8,100.0,0.0,0.0,0,360,18769.6484375,2,210,142,2,0,0,0,0
mountain-dense,6,46,9,100.0,0.0,0.0,0,525,26833.03515625,20,210,190,20,0,0,0,0
mountain-dense,6,46,10,100.0,0.0,0.0,0,345,17943.6640625,10,210,128,9,1,0,1,0
mountain-dense,6,46,11,100.0,0.0,0.0,0,390,20238.896484375,0,210,156,0,0,0,0,0
mountain-dense,8,42,0,100.0,0.0,0.0,0,532,19964.3203125,0,280,152,0,0,0,0,0
mountain-dense,8,42,1,100.0,0.0,0.0,0,392,14835.337890625,0,280,112,0,0,0,0,0
mountain-dense,8,42,2,100.0,0.0,0.0,0,952,34706.9453125,10,280,260,6,4,2,2,1
mountain-dense,8,42,3,100.0,0.0,0.0,0,504,19013.099609375,4,280,140,2,2,0,1,0
mountain-dense,8,42,4,100.0,0.0,0.0,0,504,18764.74609375,8,280,136,6,2,0,1,0
mountain-dense,8,42,5,100.0,0.0,0.0,0,448,16754.65625,0,280,127,0,0,1,1,0
mountain-dense,8,42,6,100.0,0.0,0.0,0,476,17840.4140625,4,280,132,3,1,0,1,0
mountain-dense,8,42,7,100.0,0.0,0.0,0,532,19930.1796875,0,280,152,0,0,0,0,0
mountain-dense,8,42,8,95.0,0.0,0.0,0,980,35974.4296875,9,280,271,8,1,0,1,0
mountain-dense,8,42,9,100.0,0.0,0.0,0,588,21819.728515625,0,280,168,0,0,0,0,0
mountain-dense,8,42,10,100.0,0.0,0.0,0,532,19686.421875,2,280,150,0,2,0,1,0
mountain-dense,8,42,11,100.0,0.0,0.0,0,308,11710.2177734375,0,280,88,0,0,0,0,0
mountain-dense,8,43,0,100.0,0.0,0.0,0,420,15713.203125,0,280,120,0,0,0,0,0
mountain-dense,8,43,1,100.0,0.0,0.0,0,616,20133.84375,0,280,154,0,0,22,22,1
mountain-dense,8,43,2,100.0,0.0,0.0,0,756,27649.025390625,6,280,210,6,0,0,0,0
mountain-dense,8,43,3,93.33333333333333,0.0,0.0,0,980,36017.5625,6,280,274,6,0,0,0,0
mountain-dense,8,43,4,100.0,0.0,0.0,0,420,16044.931640625,0,280,120,0,0,0,0,0
mountain-dense,8,43,5,100.0,0.0,0.0,0,868,31628.51953125,4,280,244,4,0,0,0,0
mountain-dense,8,43,6,100.0,0.0,0.0,0,392,14794.4677734375,0,280,112,0,0,0,0,0
mountain-dense,8,43,7,100.0,0.0,0.0,0,420,15917.9423828125,0,280,120,0,0,0,0,0
mountain-dense,8,43,8,100.0,0.0,0.0,0,952,34509.078125,14,280,258,14,0,0,0,0
mountain-dense,8,43,9,100.0,0.0,0.0,0,308,11714.32421875,0,280,88,0,0,0,0,0
mountain-dense,8,43,10,100.0,0.0,0.0,0,644,23945.14453125,6,280,178,6,0,0,0,0
mountain-dense,8,43,11,100.0,0.0,0.0,0,364,13759.5673828125,0,280,104,0,0,0,0,0
mountain-dense,8,44,0,100.0,0.0,0.0,0,868,31862.919921875,19,280,229,18,1,0,1,0
mountain-dense,8,44,1,100.0,0.0,0.0,0,784,28811.67578125,4,280,220,0,4,0,2,2
mountain-dense,8,44,2,100.0,0.0,0.0,0,364,13813.83203125,0,280,104,0,0,0,0,0
mountain-dense,8,44,3,100.0,0.0,0.0,0,700,25776.84765625,0,280,200,0,0,0,0,0
mountain-dense,8,44,4,100.0,0.0,0.0,0,616,22887.87109375,0,280,176,0,0,0,0,0
mountain-dense,8,44,5,100.0,0.0,0.0,0,616,22667.98046875,8,280,168,8,0,0,0,0
mountain-dense,8,44,6,100.0,0.0,0.0,0,728,26686.21484375,12,280,196,12,0,0,0,0
mountain-dense,8,44,7,100.0,0.0,0.0,0,924,34277.84375,10,280,254,10,0,0,0,0
mountain-dense,8,44,8,100.0,0.0,0.0,0,448,16988.2265625,0,280,128,0,0,0,0,0
mountain-dense,8,44,9,100.0,0.0,0.0,0,504,18852.25,0,280,144,0,0,0,0,0
mountain-dense,8,44,10,100.0,0.0,0.0,0,504,18890.88671875,6,280,138,4,2,0,1,0
mountain-dense,8,44,11,100.0,0.0,0.0,0,392,14726.33984375,0,280,112,0,0,0,0,0
mountain-dense,8,45,0,100.0,0.0,0.0,0,644,23985.35546875,0,280,184,0,0,0,0,0
mountain-dense,8,45,1,97.77777777777777,0.0,0.0,0,980,35141.828125,0,280,280,0,0,0,0,0
mountain-dense,8,45,2,100.0,0.0,0.0,0,504,19292.916015625,0,280,144,0,0,0,0,0
mountain-dense,8,45,3,100.0,0.0,0.0,0,812,29827.455078125,0,280,232,0,0,0,0,0
mountain-dense,8,45,4,100.0,0.0,0.0,0,616,22976.404296875,0,280,176,0,0,0,0,0
mountain-dense,8,45,5,100.0,0.0,0.0,0,952,34796.90625,6,280,266,6,0,0,0,0
mountain-dense,8,45,6,100.0,0.0,0.0,0,392,14688.09375,0,280,112,0,0,0,0,0
mountain-dense,8,45,7,100.0,0.0,0.0,0,504,18943.40625,0,280,144,0,0,0,0,0
mountain-dense,8,45,8,100.0,0.0,0.0,0,532,19746.65234375,0,280,152,0,0,0,0,0
mountain-dense,8,45,9,100.0,0.0,0.0,0,728,26900.8203125,4,280,204,2,2,0,1,0
mountain-dense,8,45,10,100.0,0.0,0.0,0,588,21838.875,0,280,168,0,0,0,0,0
mountain-dense,8,45,11,100.0,0.0,0.0,0,476,17879.625,0,280,136,0,0,0,0,0
mountain-dense,8,46,0,100.0,0.0,0.0,0,616,23315.869140625,0,280,176,0,0,0,0,0
mountain-dense,8,46,1,100.0,0.0,0.0,0,616,22684.75,10,280,166,10,0,0,0,0
mountain-dense,8,46,2,97.14285714285714,0.0,0.0,0,980,35574.5703125,10,280,270,9,1,0,1,0
mountain-dense,8,46,3,100.0,0.0,0.0,0,924,33554.0703125,22,280,242,21,1,0,1,0
mountain-dense,8,46,4,100.0,0.0,0.0,0,448,16907.03125,0,280,128,0,0,0,0,0
mountain-dense,8,46,5,100.0,0.0,0.0,0,532,19992.134765625,0,280,152,0,0,0,0,0
mountain-dense,8,46,6,100.0,0.0,0.0,0,700,25806.3515625,0,280,200,0,0,0,0,0
mountain-dense,8,46,7,100.0,0.0,0.0,0,364,13842.044921875,0,280,104,0,0,0,0,0
mountain-dense,8,46,8,100.0,0.0,0.0,0,812,29619.78125,10,280,222,10,0,0,0,0
mountain-dense,8,46,9,100.0,0.0,0.0,0,616,23025.97265625,0,280,176,0,0,0,0,0
mountain-dense,8,46,10,100.0,0.0,0.0,0,476,17746.109375,0,280,136,0,0,0,0,0
mountain-dense,8,46,11,100.0,0.0,0.0,0,392,14807.1376953125,0,280,112,0,0,0,0,0
